{"is_source_file": true, "format": "md", "description": ".md file: README.md", "external_files": [], "external_methods": [], "published": [], "classes": [], "methods": [], "calls": [], "search-terms": ["README.md", "md"], "state": 2, "filename": "README.md", "format-version": 4, "code-base-name": "https://github.com/kavia-common/ai-blog-generator-web-app-184382-185528.git:kavia-main", "knowledge_revision": 3, "git_revision": "ce6aa6532a42e627bbf64715cd2be33b77438ae2", "revision_history": [{"3": "ce6aa6532a42e627bbf64715cd2be33b77438ae2"}]}